,x,y,track_type,dist_avg,tracks_out_det_no
0,31.7139503102,-1.05097250711,_12_1X1_3RP_MORE,1.9899841812599999,0
