,x,y,track_type,dist_avg,tracks_out_det_no
0,36.1521306608,-1.19804737578,_12_1X1_3RP_MORE,1.9899841812599999,0
