,x,y,track_type,dist_avg,tracks_out_det_no
0,33.3167674425,-1.10408754539,_12_1X1_3RP_MORE,1.9899841812599999,0
