,single_x,single_y,totem_x,totem_y,diff_x,diff_x [strip],diff_y,diff_y [strip],diff_total,diff_total [strip]
0,12.210925395141949,6.959099719580535,8.771456584353189,6.9620775970073705,3.4394688107887603,74.0,0.00297787742683564,1.0,3.4394700999053063,74.0
1,11.154807569673448,-9.72375356996661,7.620505318328849,-9.832684798810131,3.5343022513445987,76.0,0.10893122884352202,3.0,3.535980545262779,76.0
