,single_x,single_y,totem_x,totem_y,diff_x,diff_x [strip],diff_y,diff_y [strip],diff_total,diff_total [strip]
0,11.253237861167888,6.413305715385437,11.268383121251889,6.396636292612644,0.015145260084000967,1.0,0.01666942277279304,1.0,0.022522179259346648,1.0
1,10.27994990677675,-8.961134424287192,10.301775254311053,-8.98409352056013,0.02182534753430332,1.0,0.02295909627293824,1.0,0.03167752983840701,1.0
