,single_x,single_y,totem_x,totem_y,diff_x,diff_x [strip],diff_y,diff_y [strip],diff_total,diff_total [strip]
0,10.711861723894536,6.104771001028279,12.692150840063025,6.073999721260668,1.980289116168489,43.0,0.030771279767611404,1.0,1.980528175834394,43.0
1,9.78539709555071,-8.530029504726018,11.808364304724975,-8.4667283890849,2.022967209174265,44.0,0.06330111564111895,2.0,2.023957351486371,44.0
