,single_x,single_y,totem_x,totem_y,diff_x,diff_x [strip],diff_y,diff_y [strip],diff_total,diff_total [strip]
0,12.57038873706163,2.399305673621892,12.219081172287648,2.096030091825977,0.3513075647739825,8.0,0.3032755817959152,7.0,0.46410460413690874,10.0
1,10.477087433340685,0.5443379582695648,10.477147404400153,0.5704364816534859,5.997105946775605e-05,1.0,0.026098523383921157,1.0,0.026098592286731732,1.0
2,10.86697922395549,-0.3690481883792226,10.869782424448495,-0.3577549788615171,0.00280320049300542,1.0,0.011293209517705516,1.0,0.011635914842193557,1.0
3,8.894568205207209,-0.2799069875010239,8.887858016558544,-0.24294805180894397,0.006710188648664683,1.0,0.03695893569207992,1.0,0.03756314096547262,1.0
4,9.168547590532732,-1.8939087108075083,9.160727973315145,-1.8866952836215014,0.007819617217586838,1.0,0.0072134271860069266,1.0,0.010638606355975595,1.0
5,13.812318059962212,12.46687611599236,13.818232322022382,12.504061489280154,0.0059142620601697615,1.0,0.037185373287794476,1.0,0.03765276194741871,1.0
