,single_x,single_y,totem_x,totem_y,diff_x,diff_x [strip],diff_y,diff_y [strip],diff_total,diff_total [strip]
0,13.640536503921206,2.6035656300467953,31.17252589814194,2.5238552145785054,17.531989394220737,377.0,0.07971041546828994,2.0,17.532170597772616,377.0
1,11.368722118988149,0.5906643677886525,9.269818215400834,0.621582424419655,2.098903903587315,46.0,0.030918056631002555,1.0,2.0991316115765364,46.0
2,11.791794925385902,-0.4004538087502632,9.477621018306925,-0.4063484181514214,2.3141739070789775,50.0,0.005894609401158213,1.0,2.3141814143720825,50.0
3,9.651525544497794,-0.3037264061413624,7.857486799489992,-0.28368294148772133,1.7940387450078017,39.0,0.020043464653641097,1.0,1.7941507068985285,39.0
4,9.948821436136798,-2.055084745481299,8.13803076377378,-1.9946900260252614,1.8107906723630176,39.0,0.06039471945603747,2.0,1.8117975552624754,39.0
5,14.987791344139323,13.527847971309994,12.224727118236506,13.608999232742978,2.7630642259028164,60.0,0.0811512614329839,2.0,2.7642556762528487,60.0
