,single_x,single_y,totem_x,totem_y,diff_x,diff_x [strip],diff_y,diff_y [strip],diff_total,diff_total [strip]
0,11.96543937332706,2.283838506841446,10.561364341868043,3.377933245848992,1.4040750314590174,31.0,1.094094739007546,24.0,1.7800196605348577,39.0
1,9.973050652187556,0.5181498627274688,11.114002313967642,0.5425777772497353,1.1409516617800861,25.0,0.02442791452226656,1.0,1.1412131341369354,25.0
2,10.344185374846347,-0.3512947428743052,11.640799495129276,-0.3440492124752348,1.2966141202829284,28.0,0.007245530399070388,1.0,1.2966343642784717,28.0
3,8.466663877450813,-0.26644198519271084,9.472057239669272,-0.25604027959523545,1.0053933622184594,22.0,0.010401705597475386,1.0,1.0054471683148125,22.0
4,8.727462554377304,-1.8027966768953119,9.737010934511485,-1.7963210855816283,1.0095483801341807,22.0,0.006475591313683582,1.0,1.0095691482580131,22.0
5,13.14782869001594,11.867113850732302,14.698818160302062,11.881218493830865,1.5509894702861224,34.0,0.01410464309856252,1.0,1.5510536025216421,34.0
