,single_x,single_y,totem_x,totem_y,diff_x,diff_x [strip],diff_y,diff_y [strip],diff_total,diff_total [strip]
0,8.50654453710224,0.11690507876381839,8.531954805597614,0.3021796012779525,0.02541026849537431,1.0,0.18527452251413412,4.0,0.1870089047020152,5.0
1,7.821931761223511,-2.030603990824213,7.84144722377984,-1.8678099665792671,0.019515462556328522,1.0,0.16279402424494593,4.0,0.16395959138962107,4.0
