,single_x,single_y,totem_x,totem_y,diff_x,diff_x [strip],diff_y,diff_y [strip],diff_total,diff_total [strip]
0,9.230479842141014,0.12685561493038255,7.58342981671151,0.30425046229087016,1.647050025429504,36.0,0.1773948473604876,4.0,1.6565755998859155,36.0
1,8.48760435834116,-2.203413226703592,6.9327440637262585,-1.9890698012647614,1.554860294614902,34.0,0.21434342543883078,5.0,1.5695647931190324,34.0
