,single_x,single_y,totem_x,totem_y,diff_x,diff_x [strip],diff_y,diff_y [strip],diff_total,diff_total [strip]
0,8.097307405810195,0.11128008873048338,9.073108366053141,0.2947006096792766,0.975800960242946,21.0,0.1834205209487932,4.0,0.9928900248850233,22.0
1,7.445630257307273,-1.9329157644594837,8.339019651658694,-1.7829235001151655,0.8933893943514208,20.0,0.14999226434431812,4.0,0.9058930893337991,20.0
